<?xml version="1.0" encoding="UTF-8"?>
<project-private xmlns="http://www.netbeans.org/ns/project-private/1">
    <editor-bookmarks xmlns="http://www.netbeans.org/ns/editor-bookmarks/2" lastBookmarkId="0"/>
    <open-files xmlns="http://www.netbeans.org/ns/projectui-open-files/2">
        <group>
            <file>file:/C:/MCU_Exercise/IDE_V615/AVR128DA48/AVR128DA48_OLED_RTCC.X/OLED128x64.c</file>
            <file>file:/C:/MCU_Exercise/IDE_V615/AVR128DA48/AVR128DA48_OLED_RTCC.X/MCP79411.c</file>
            <file>file:/C:/MCU_Exercise/IDE_V615/AVR128DA48/AVR128DA48_OLED_RTCC.X/mcc_generated_files/i2c_host/src/twi0.c</file>
            <file>file:/C:/MCU_Exercise/IDE_V615/AVR128DA48/AVR128DA48_OLED_RTCC.X/nbproject/Makefile-impl.mk</file>
            <file>file:/C:/MCU_Exercise/IDE_V615/AVR128DA48/AVR128DA48_OLED_RTCC.X/nbproject/Makefile-default.mk</file>
            <file>file:/C:/MCU_Exercise/IDE_V615/AVR128DA48/AVR128DA48_OLED_RTCC.X/main.c</file>
        </group>
    </open-files>
</project-private>
