<?xml version="1.0" encoding="UTF-8"?>
<project xmlns="http://www.netbeans.org/ns/project/1">
    <type>com.microchip.mplab.nbide.embedded.makeproject</type>
    <configuration>
        <data xmlns="http://www.netbeans.org/ns/make-project/1">
            <name>AVR128DA48_OLED_RTCC</name>
            <name>EX6A_OLED_DB48</name>
            <name>EX6_OLED</name>
            <name>EX5</name>
            <name>EX4</name>
            <name>EX3</name>
            <creation-uuid>25159fcc-30ea-4f04-b485-2485f060a5a5</creation-uuid>
            <make-project-type>0</make-project-type>
            <sourceEncoding>UTF-8</sourceEncoding>
            <make-dep-projects/>
            <sourceRootList>
                <sourceRootElem>.</sourceRootElem>
            </sourceRootList>
            <confList>
                <confElem>
                    <name>default</name>
                    <type>2</type>
                </confElem>
            </confList>
            <formatting>
                <project-formatting-style>false</project-formatting-style>
            </formatting>
        </data>
    </configuration>
</project>
